<?xml version="1.0" encoding="UTF-8" standalone="yes"?>
<addon id="plugin.video.Vjackson"
       name="Video-Jackson"
       version="4.8.1"
       provider-name="Ctrl_Esc">
  <requires>
    <import addon="xbmc.python" version="2.1.0"/>
  </requires>
  <extension point="xbmc.python.pluginsource" library="default.py">
    <provides>video</provides>
  </extension>
  <extension point="xbmc.addon.metadata">
    <platform>all</platform>
    <summary>Public Obfuscate Version</summary>
    <description>Video-Jackson API Addon.

Only For Administration Or Development Environment!

Without the "service module" you have no permission to access, no fun at all and nothing works!

See Readme!

CREDITS TO:

The Dependencie Brother From Another Mother
</description>
    <disclaimer>Only For Administration Or Development Environment. The author does not host or distribute any of the content displayed by this addon. The author does not have any affiliation with the content providers. Only For Administration Or Development Environment.</disclaimer>
    <assets>
      <icon>icon.png</icon>
      <fanart>fanart.jpg</fanart>
      <email></email>
    </assets>
    <news>Public Obfuscate Version</news>
  </extension>
</addon>
