﻿<?xml version="1.0" encoding="UTF-8" standalone="yes"?>
<addon id="plugin.video.movieking"
	name="Movie King"
	version="1.0.5.1" 
	provider-name="Loki1979">
	<requires>
		<!--py2 compliant-->
		<import addon="xbmc.python" version="2.25.0"/>
		<!--py3 compliant-->
		<!--<import addon="xbmc.python" version="3.0.0" targetversion="3.0.0"/>-->
		<!--<import addon="script.module.urlresolver"/>-->
		<import addon="script.module.resolveurl"/>
	</requires>
	<extension point="xbmc.python.pluginsource" library="addon.py">
		<provides>video</provides>
	</extension>
	<extension point="xbmc.addon.metadata">
	<summary>Umsetzung der Website:
https://movieking.cc/</summary>
	<description>
[COLOR gold]Created by loki1979[/COLOR]
[COLOR gold]PYTHON 2 AND 3</description>
	<disclaimer></disclaimer>
	<language></language>
	<platform>all</platform>
	<license></license>
	<forum></forum>
	<website></website>
	<email></email>
	<source></source>
	<news></news>
	<assets>
		<icon>resources/icon.png</icon>
		<fanart>resources/fanart.jpg</fanart>
		<banner></banner>
		<clearlogo></clearlogo>
		<screenshot></screenshot>
	</assets>
	</extension>
</addon>
