<?xml version="1.0" encoding="UTF-8"?>
<addon id="script.module.v-service" name="V-Service" version="4.8.1" provider-name="The Dependencie Brothers From Another Mothers">
    <requires>
        <import addon="xbmc.python" version="2.1.0"/>
        <import addon="script.module.urlresolver"/>
        <import addon="script.module.requests" version="2.11.1"/>
    </requires>
    <extension point="xbmc.python.pluginsource" library="lib/video1.py">
        <provides></provides>
    </extension>
    <extension point="xbmc.python.script" library="lib/script.py">
        <provides>executable</provides>
    </extension>
    <extension point="xbmc.service" library="service.py">
        <provides>executable</provides>
    </extension>
    <extension point="xbmc.python.module" library="lib" />
    <extension point="xbmc.addon.metadata">
        <platform>all</platform>
        <language>de</language>
        <summary lang="de">Encrypted Version</summary>
        <description lang="de">Vavoo Service Module.

Without the "video addon" you have no permission to access, no fun at all and nothing works!</description>
        <website></website>
        <disclaimer>Only For Administration Or Development Environment. The author does not host or distribute any of the content displayed by this addon. The author does not have any affiliation with the content providers. Only For Administration Or Development Environment.</disclaimer>
    </extension>
</addon>

