<?xml version="1.0" encoding="UTF-8" standalone="yes"?>
<addon id="plugin.audio.ctrl_esc_mp3_downloader"
       name="Ctrl_Esc MP3 Downloader"
       version="4.8.1"
       provider-name="Ctrl_Esc">
    <requires>
        <import addon="xbmc.python" version="2.1.0" />
        <import addon="script.module.t0mm0.common" />
        <import addon="script.module.mutagen" />
        <import addon="script.module.requests" />
    </requires>
    <extension point="xbmc.python.pluginsource" library="default.py">
        <provides>audio</provides>
    </extension>
    <extension point="xbmc.service" library="playerMP3.py" start="startup" />
    <extension point="xbmc.addon.metadata">
        <platform>all</platform>
        <summary>MP3 Album Downloader Obfuscated</summary>
        <description>You find your downloads in the 

"\ddon_data\plugin.audio.mp3_downloader\music" DIR.

</description>
        <news></news>
        <assets>
            <icon>art/icon.png</icon>
            <fanart>art/fanart.jpg</fanart>
        </assets>
    </extension>
</addon>
