<?xml version="1.0" encoding="UTF-8" standalone="yes"?>
<layout label="30000" image="layout.png">
	<category name="face" label="35074" mask="mask.png">
		<button name="a" type="digital" label="30001"/>
		<button name="b" type="digital" label="30002"/>
		<button name="x" type="digital" label="30003"/>
		<button name="y" type="digital" label="30004"/>
		<button name="start" type="digital" label="30005"/>
		<button name="up" type="digital" label="30006"/>
		<button name="right" type="digital" label="30007"/>
		<button name="down" type="digital" label="30008"/>
		<button name="left" type="digital" label="30009"/>
	</category>
	<category name="shoulder" label="35075">
		<button name="l" type="digital" label="30010"/>
		<button name="r" type="digital" label="30011"/>
		<button name="z" type="digital" label="30012"/>
	</category>
	<category name="analogsticks" label="35077">
		<analogstick name="controlstick" label="30013"/>
		<analogstick name="cstick" label="30014"/>
	</category>
	<category name="haptics">
		<motor name="motor"/>
	</category>
</layout>