<?xml version="1.0" encoding="UTF-8" standalone="yes"?>
<addon id="game.controller.atari.2600"
        name="Atari 2600 Joystick"
        version="1.1.2"
        provider-name="Team Kodi">
    <extension point="kodi.game.controller" library="resources/layout.xml"/>
    <extension point="xbmc.addon.metadata">
        <summary lang="en_GB">Atari 2600 joystick</summary>
        <description lang="en_GB">The Atari CX40 joystick appeared on the Atari 2600 in 1977, and was considered such a great improvement over other controllers that it was the primary input device for most games.</description>
        <disclaimer lang="en_GB">Image credit: OpenEmu (openemu.org)</disclaimer>
        <platform>all</platform>
        <assets>
            <icon>resources/icon.png</icon>
        </assets>
    </extension>
</addon>
