<?xml version="1.0" encoding="UTF-8" standalone="yes"?>
<addon id="plugin.video.client.ctrl_esc.enigma.v2" version="4.8.1" name="[B][COLOR antiquewhite]Client [/COLOR][COLOR lime] Ctrl_Esc [/COLOR][COLOR antiquewhite] Enigma V2 [/COLOR][/B]" provider-name="Ctrl_Esc">
    <requires>
        <import addon="xbmc.python" version="2.1.0"/>        
    </requires>
    <extension point="xbmc.python.pluginsource" library="default.py">
        <provides>video</provides>
    </extension>
    <extension point="xbmc.addon.metadata">
        <summary>Public Obfuscate Version</summary>
        <description>Client STB Enigma V2 TV.
With Timeshift VOD and EPG.

Only For Administration Or Development Environment!
Testversion without hoster function!
What Hosters are Welcome?
See Readme!

CREDITS TO:

The Dependencie Brother From Another Mother

</description>
        <disclaimer>Only For Administration Or Development Environment!!!</disclaimer>
        <language>en</language>
        <platform>all</platform>
    </extension>
</addon>