<?xml version="1.0" encoding="UTF-8" standalone="yes"?>
<addon id="game.controller.gamecube"
        name="Nintendo GameCube Controller"
        version="1.0.0"
        provider-name="Team Kodi">
    <extension point="kodi.game.controller" library="resources/layout.xml"/>
    <extension point="xbmc.addon.metadata">
        <summary lang="en_GB">Nintendo GameCube controller</summary>
        <description lang="en_GB">The Nintendo GameCube controller was released in 2001. The analog sticks and triggers were the target of a patent lawsuit, but Nintendo fought back and successfully won the case.</description>
        <disclaimer lang="en_GB">Image credit: OpenEmu (openemu.org)</disclaimer>
        <platform>all</platform>
        <assets>
            <icon>resources/icon.png</icon>
        </assets>
    </extension>
</addon>
